group,club_name,group_score,overall_score
Group_1,coding club,0.84845,0.8346549099213397
Group_2,drama club,0.9527100000000001,1.0
Group_3,music club,0.70621,0.6090776452676986
Group_4,football club,0.32404,0.0029973357015985833
