group,club_name,group_score,overall_score
entertainment,drama club,0.45271000000000006,0.24547351796491634
literature & knowledge,quiz club,0.85402,1.0
sports,football club,0.6240399999999999,0.5676011055333068
tech,coding club,0.84845,0.9895275161223606
